Grade,2019,% share,2022,% share,% growth
1-5,15900000,6,204000000,12,1183.018868
6-8,84800000,32,544000000,34,541.509434
9-12,164300000,62,1054000000,64,541.509434
Total,265000000,,1700000000,,
Users,25000000,,110500000,,442