Category,2019,% share,2022,% share,% growth
Higher Ed,333700000,71,1059000000,60,217.350914
Technical skilling,56400000,12,335350000,19,494.5921986
Test Prep (professional),56400000,12,123550000,7,119.0602837
Test Prep (Govt),23500000,5,247100000,14,951.4893617
Total,470000000,,1765000000,,275.5319149